id;syncify_id;name;author
1;28ee0538-ad03-42f8-a311-3cdbd1962f2b;Ergonomic;optimize
2;3fb81677-59f4-401b-8111-59d54ce1cd6a;yellow;Wooden compress black
3;4a9cff11-1d22-48e1-b032-c55060d18fa9;bypassing;incubate
4;cc27899d-7ddf-4e91-8a92-348eb0105f77;Division Usability;Saint Pierre and Miquelon
5;7b6a4f66-0c1d-4ce3-8f74-f5784f25a7d9;Borders SMTP;compelling
6;dd9d2280-b6c0-4ca7-acbb-3581554cf83b;gold firewall;Forward Incredible
7;2162f5a8-8f43-4ab1-ada3-716a812dd03b;Pa'anga Electronics Georgia;metrics haptic
8;587582c6-7ad4-42b6-bd4f-7c2e32a3f30a;optical Salad Massachusetts;Iraqi Dinar quantify
9;23c6f0f3-9146-4224-a7ac-53a3c497bb82;Saint Martin Keyboard Representative;bus Tools Tactics
10;4dd33e7d-008e-47df-9009-8b8f69a2e2fa;human-resource reboot;e-services
