id;syncify_id;platform_user_name
1;15c7924d-0525-42b0-86c8-b520fceeb250;Polarised
2;97f96559-cbbb-4bd4-ac27-c98032d774f6;circuit
3;61f3d831-295b-4933-96c7-816162d2d3b6;withdrawal
4;7ca35706-9926-4015-a894-eda7b90ad30d;Legacy Maryland Profit-focused
5;e60e8dc9-80cf-4967-9fc5-e9eaccbde38a;invoice asymmetric
6;f7d81e29-5682-4962-8741-579b26335fea;Generic program
7;7d94d9df-d744-42b3-bc28-865e9cc85d10;Connecticut parsing Technician
8;aa4915c1-6967-4cd1-a9b3-266da17accf0;Home Loan Account Licensed Practical Steel Keyboard
9;b0e169a1-ab6f-40a6-99c0-730af2948ed0;Automated
10;8e7efedc-21f4-40d6-9bcb-b0b111c68f7b;Games Sausages
